<?xml version="1.0" encoding="UTF-8"?>
<project-private xmlns="http://www.netbeans.org/ns/project-private/1">
    <editor-bookmarks xmlns="http://www.netbeans.org/ns/editor-bookmarks/2" lastBookmarkId="0"/>
    <open-files xmlns="http://www.netbeans.org/ns/projectui-open-files/2">
        <group>
            <file>file:/C:/Users/Arin/OneDrive/Documents/NetBeansProjects/Payroll_System/src/project.java</file>
            <file>file:/C:/Users/Arin/OneDrive/Documents/NetBeansProjects/Payroll_System/src/pay_slip.java</file>
            <file>file:/C:/Users/Arin/OneDrive/Documents/NetBeansProjects/Payroll_System/src/New_Employee.java</file>
            <file>file:/C:/Users/Arin/OneDrive/Documents/NetBeansProjects/Payroll_System/src/splash.java</file>
            <file>file:/C:/Users/Arin/OneDrive/Documents/NetBeansProjects/Payroll_System/src/conn.java</file>
        </group>
    </open-files>
</project-private>
